age,experience_years,region,business_type
23,0,Alexandria,Ecommerce
51,29,Cairo,Services
46,20,Upper_Egypt,Manufacturing
37,13,Cairo,Services
37,14,Cairo,Services
55,29,Upper_Egypt,Services
23,1,Upper_Egypt,Services
48,24,Upper_Egypt,Manufacturing
28,8,Upper_Egypt,Retail
23,0,Cairo,Services
41,18,Upper_Egypt,Ecommerce
60,35,Alexandria,Manufacturing
50,28,Delta,Ecommerce
51,26,Cairo,Manufacturing
49,31,Delta,Manufacturing
52,33,Alexandria,Services
41,19,Delta,Manufacturing
25,1,Cairo,Manufacturing
54,29,Cairo,Retail
38,17,Alexandria,Ecommerce
40,17,Cairo,Retail
35,13,Delta,Ecommerce
27,1,Cairo,Retail
57,34,Alexandria,Ecommerce
52,31,Cairo,Services
46,20,Cairo,Ecommerce
36,18,Delta,Retail
53,27,Cairo,Ecommerce
42,23,Cairo,Services
38,18,Cairo,Ecommerce
38,13,Cairo,Services
29,5,Delta,Retail
23,0,Cairo,Services
42,18,Cairo,Manufacturing
56,33,Delta,Retail
22,1,Alexandria,Ecommerce
55,37,Alexandria,Retail
53,34,Cairo,Ecommerce
31,11,Upper_Egypt,Retail
45,27,Cairo,Services
26,4,Cairo,Services
51,27,Upper_Egypt,Retail
48,22,Delta,Services
34,12,Delta,Services
22,0,Upper_Egypt,Services
59,33,Cairo,Manufacturing
38,13,Delta,Services
56,34,Delta,Manufacturing
47,27,Cairo,Services
51,25,Cairo,Retail
51,31,Cairo,Retail
27,6,Upper_Egypt,Services
34,16,Cairo,Services
39,14,Cairo,Manufacturing
40,17,Delta,Ecommerce
21,3,Delta,Services
42,23,Cairo,Services
26,4,Delta,Services
50,28,Alexandria,Ecommerce
48,23,Delta,Retail
57,37,Cairo,Retail
50,24,Cairo,Services
35,13,Delta,Retail
59,34,Cairo,Ecommerce
36,16,Alexandria,Retail
33,15,Cairo,Retail
57,38,Delta,Manufacturing
35,14,Upper_Egypt,Manufacturing
23,0,Delta,Services
39,21,Upper_Egypt,Services
52,31,Upper_Egypt,Ecommerce
27,9,Alexandria,Retail
38,12,Cairo,Services
25,1,Upper_Egypt,Retail
48,24,Upper_Egypt,Services
39,15,Upper_Egypt,Manufacturing
33,10,Delta,Ecommerce
29,5,Cairo,Manufacturing
43,25,Upper_Egypt,Ecommerce
47,22,Upper_Egypt,Ecommerce
58,34,Delta,Ecommerce
37,13,Upper_Egypt,Ecommerce
26,5,Alexandria,Services
54,29,Upper_Egypt,Retail
45,24,Cairo,Services
48,30,Upper_Egypt,Retail
23,0,Cairo,Services
32,12,Cairo,Retail
51,33,Cairo,Services
54,31,Alexandria,Retail
37,17,Cairo,Retail
52,27,Upper_Egypt,Services
54,33,Alexandria,Retail
35,17,Upper_Egypt,Manufacturing
56,30,Cairo,Services
31,9,Cairo,Services
29,9,Delta,Retail
47,23,Delta,Manufacturing
46,24,Alexandria,Ecommerce
25,7,Delta,Services
54,30,Delta,Retail
28,7,Alexandria,Ecommerce
53,29,Upper_Egypt,Manufacturing
20,0,Delta,Services
52,29,Delta,Retail
52,28,Cairo,Retail
51,31,Cairo,Retail
47,27,Cairo,Ecommerce
39,18,Delta,Manufacturing
48,23,Delta,Manufacturing
31,9,Cairo,Ecommerce
52,31,Delta,Retail
42,17,Cairo,Manufacturing
38,13,Cairo,Services
40,14,Upper_Egypt,Services
43,23,Cairo,Ecommerce
21,0,Cairo,Retail
25,2,Alexandria,Ecommerce
30,8,Cairo,Manufacturing
24,3,Delta,Ecommerce
38,19,Upper_Egypt,Ecommerce
47,27,Alexandria,Services
46,24,Alexandria,Retail
39,14,Cairo,Ecommerce
55,30,Alexandria,Ecommerce
43,24,Cairo,Manufacturing
23,0,Cairo,Retail
51,33,Upper_Egypt,Services
43,19,Alexandria,Services
46,25,Alexandria,Ecommerce
43,21,Cairo,Ecommerce
42,18,Delta,Manufacturing
23,2,Cairo,Retail
42,17,Cairo,Services
52,30,Delta,Retail
32,6,Alexandria,Retail
44,21,Upper_Egypt,Services
21,1,Cairo,Ecommerce
34,10,Delta,Services
37,16,Upper_Egypt,Services
60,38,Alexandria,Ecommerce
28,9,Delta,Ecommerce
31,12,Cairo,Retail
36,13,Delta,Services
60,38,Upper_Egypt,Ecommerce
54,28,Delta,Ecommerce
21,0,Upper_Egypt,Ecommerce
29,5,Alexandria,Retail
53,29,Alexandria,Services
22,0,Cairo,Manufacturing
55,37,Delta,Services
31,10,Upper_Egypt,Services
57,35,Delta,Manufacturing
32,6,Cairo,Retail
37,18,Alexandria,Ecommerce
47,25,Delta,Manufacturing
25,4,Upper_Egypt,Retail
42,23,Cairo,Ecommerce
40,22,Cairo,Services
52,31,Cairo,Manufacturing
60,38,Cairo,Manufacturing
47,29,Upper_Egypt,Manufacturing
36,15,Alexandria,Retail
36,17,Alexandria,Ecommerce
37,15,Cairo,Manufacturing
53,35,Alexandria,Ecommerce
33,13,Upper_Egypt,Ecommerce
26,4,Alexandria,Retail
33,7,Cairo,Manufacturing
20,0,Cairo,Retail
24,0,Upper_Egypt,Services
23,2,Upper_Egypt,Manufacturing
51,29,Cairo,Manufacturing
49,28,Delta,Manufacturing
48,23,Cairo,Services
38,12,Alexandria,Retail
49,23,Cairo,Services
26,2,Delta,Retail
56,34,Upper_Egypt,Manufacturing
40,18,Cairo,Services
58,32,Alexandria,Services
26,6,Cairo,Retail
40,19,Cairo,Services
48,22,Cairo,Manufacturing
40,19,Cairo,Ecommerce
38,18,Upper_Egypt,Retail
26,3,Cairo,Retail
35,15,Upper_Egypt,Services
29,3,Cairo,Retail
32,6,Alexandria,Manufacturing
48,28,Alexandria,Ecommerce
45,23,Upper_Egypt,Retail
44,18,Cairo,Ecommerce
34,10,Cairo,Services
59,38,Delta,Retail
23,0,Delta,Services
34,11,Delta,Retail
24,1,Cairo,Services
33,15,Cairo,Manufacturing
59,38,Delta,Manufacturing
35,10,Delta,Services
57,37,Delta,Ecommerce
40,20,Cairo,Retail
48,28,Cairo,Services
38,19,Upper_Egypt,Retail
30,11,Delta,Services
51,30,Cairo,Retail
59,34,Upper_Egypt,Manufacturing
30,12,Alexandria,Manufacturing
51,31,Cairo,Services
30,12,Cairo,Ecommerce
49,26,Delta,Retail
52,32,Cairo,Ecommerce
38,13,Alexandria,Retail
50,27,Delta,Retail
31,6,Cairo,Ecommerce
23,0,Upper_Egypt,Services
23,2,Cairo,Services
38,13,Cairo,Services
57,35,Delta,Retail
25,0,Delta,Retail
38,12,Alexandria,Ecommerce
48,25,Delta,Ecommerce
28,4,Upper_Egypt,Retail
49,29,Delta,Services
32,7,Delta,Ecommerce
53,29,Cairo,Ecommerce
43,17,Cairo,Ecommerce
42,22,Alexandria,Services
27,2,Cairo,Services
38,16,Delta,Services
55,36,Cairo,Services
20,1,Cairo,Retail
51,28,Cairo,Retail
40,20,Cairo,Manufacturing
49,31,Cairo,Retail
47,26,Delta,Ecommerce
37,14,Alexandria,Services
32,12,Cairo,Services
45,19,Cairo,Manufacturing
25,0,Delta,Ecommerce
43,21,Cairo,Retail
23,0,Alexandria,Ecommerce
46,25,Alexandria,Services
45,26,Alexandria,Services
23,5,Upper_Egypt,Ecommerce
51,25,Delta,Ecommerce
37,11,Upper_Egypt,Services
52,28,Upper_Egypt,Manufacturing
21,3,Cairo,Ecommerce
27,7,Cairo,Ecommerce
40,22,Cairo,Retail
27,9,Cairo,Retail
33,13,Alexandria,Services
47,24,Cairo,Ecommerce
25,7,Cairo,Services
47,21,Cairo,Ecommerce
24,2,Delta,Retail
27,7,Delta,Ecommerce
44,22,Upper_Egypt,Ecommerce
52,27,Cairo,Ecommerce
26,6,Cairo,Ecommerce
32,14,Upper_Egypt,Manufacturing
57,38,Delta,Retail
60,35,Alexandria,Ecommerce
43,24,Alexandria,Manufacturing
38,15,Cairo,Services
34,13,Upper_Egypt,Retail
45,21,Delta,Manufacturing
44,26,Alexandria,Retail
32,6,Alexandria,Services
20,0,Cairo,Retail
26,4,Cairo,Services
59,38,Delta,Services
37,11,Alexandria,Services
39,19,Cairo,Manufacturing
39,17,Cairo,Services
52,31,Upper_Egypt,Services
22,2,Cairo,Manufacturing
23,2,Cairo,Ecommerce
31,12,Delta,Retail
39,21,Delta,Retail
47,27,Delta,Ecommerce
40,21,Upper_Egypt,Manufacturing
38,17,Cairo,Services
58,33,Upper_Egypt,Retail
26,7,Upper_Egypt,Ecommerce
43,25,Alexandria,Ecommerce
42,24,Delta,Services
39,17,Cairo,Manufacturing
53,33,Alexandria,Ecommerce
30,8,Cairo,Ecommerce
59,38,Cairo,Ecommerce
33,13,Upper_Egypt,Ecommerce
42,21,Cairo,Services
41,20,Alexandria,Services
54,32,Cairo,Ecommerce
37,12,Cairo,Ecommerce
31,9,Cairo,Services
20,0,Cairo,Retail
34,12,Delta,Ecommerce
53,33,Upper_Egypt,Ecommerce
20,0,Alexandria,Services
56,36,Upper_Egypt,Services
42,19,Delta,Retail
25,5,Delta,Manufacturing
32,6,Cairo,Manufacturing
42,20,Cairo,Services
32,7,Upper_Egypt,Services
24,0,Alexandria,Ecommerce
47,26,Cairo,Services
47,27,Delta,Manufacturing
24,0,Cairo,Retail
31,11,Delta,Retail
29,9,Cairo,Services
47,21,Upper_Egypt,Retail
49,27,Cairo,Ecommerce
49,31,Cairo,Ecommerce
58,36,Delta,Retail
51,29,Cairo,Services
33,8,Upper_Egypt,Ecommerce
24,0,Delta,Manufacturing
45,26,Cairo,Services
57,38,Cairo,Retail
59,36,Upper_Egypt,Ecommerce
29,11,Delta,Services
29,9,Upper_Egypt,Ecommerce
21,2,Cairo,Services
25,7,Upper_Egypt,Retail
42,16,Alexandria,Ecommerce
42,24,Delta,Services
35,17,Cairo,Retail
32,6,Cairo,Services
54,35,Upper_Egypt,Manufacturing
38,13,Upper_Egypt,Ecommerce
53,35,Cairo,Retail
59,38,Upper_Egypt,Ecommerce
33,15,Cairo,Retail
28,4,Cairo,Services
59,36,Cairo,Services
46,24,Cairo,Retail
31,11,Cairo,Services
45,27,Cairo,Manufacturing
41,18,Cairo,Retail
57,37,Delta,Ecommerce
30,7,Delta,Ecommerce
60,36,Delta,Services
58,33,Cairo,Retail
27,5,Delta,Retail
26,8,Cairo,Retail
41,21,Delta,Ecommerce
21,0,Alexandria,Manufacturing
32,10,Cairo,Manufacturing
37,14,Cairo,Retail
59,37,Delta,Retail
60,38,Upper_Egypt,Retail
26,0,Delta,Manufacturing
56,32,Upper_Egypt,Retail
23,0,Upper_Egypt,Retail
50,25,Cairo,Ecommerce
54,34,Delta,Services
56,36,Cairo,Retail
29,9,Alexandria,Ecommerce
56,30,Cairo,Retail
24,1,Upper_Egypt,Retail
41,19,Delta,Retail
39,13,Cairo,Services
32,9,Cairo,Manufacturing
20,0,Alexandria,Services
51,25,Delta,Ecommerce
33,15,Upper_Egypt,Services
47,26,Cairo,Ecommerce
36,12,Alexandria,Manufacturing
35,10,Alexandria,Services
56,37,Cairo,Manufacturing
23,3,Alexandria,Ecommerce
50,28,Cairo,Ecommerce
50,25,Cairo,Retail
35,16,Cairo,Ecommerce
30,7,Upper_Egypt,Services
20,0,Cairo,Manufacturing
58,38,Cairo,Manufacturing
58,36,Delta,Services
29,8,Upper_Egypt,Manufacturing
21,0,Alexandria,Manufacturing
25,5,Cairo,Ecommerce
22,0,Delta,Retail
54,36,Cairo,Retail
56,31,Delta,Retail
26,8,Cairo,Retail
50,26,Cairo,Manufacturing
27,6,Cairo,Retail
35,14,Delta,Ecommerce
44,26,Cairo,Ecommerce
49,25,Cairo,Ecommerce
55,36,Alexandria,Retail
21,0,Delta,Services
28,4,Cairo,Ecommerce
31,6,Delta,Services
32,8,Delta,Retail
60,38,Cairo,Ecommerce
51,27,Upper_Egypt,Retail
33,8,Upper_Egypt,Ecommerce
59,38,Cairo,Services
40,21,Cairo,Retail
40,14,Cairo,Ecommerce
37,18,Cairo,Retail
25,2,Alexandria,Manufacturing
58,38,Upper_Egypt,Manufacturing
20,1,Upper_Egypt,Services
27,3,Cairo,Services
29,10,Alexandria,Retail
31,7,Cairo,Manufacturing
25,1,Alexandria,Ecommerce
20,2,Cairo,Retail
47,28,Upper_Egypt,Services
59,34,Upper_Egypt,Retail
24,2,Cairo,Services
32,13,Delta,Services
40,14,Alexandria,Retail
58,38,Delta,Ecommerce
48,30,Alexandria,Retail
51,25,Cairo,Services
43,25,Delta,Ecommerce
37,15,Cairo,Manufacturing
28,2,Alexandria,Services
55,32,Cairo,Manufacturing
52,29,Delta,Services
21,0,Delta,Manufacturing
49,30,Cairo,Retail
23,0,Cairo,Ecommerce
50,24,Delta,Retail
53,35,Cairo,Manufacturing
25,0,Alexandria,Manufacturing
37,16,Delta,Services
25,3,Cairo,Services
43,24,Delta,Ecommerce
58,35,Alexandria,Retail
23,4,Delta,Ecommerce
36,16,Cairo,Ecommerce
59,35,Cairo,Services
32,14,Cairo,Retail
25,3,Upper_Egypt,Manufacturing
40,17,Upper_Egypt,Retail
40,21,Delta,Ecommerce
47,27,Cairo,Retail
32,11,Alexandria,Retail
59,36,Delta,Retail
41,15,Delta,Services
31,6,Cairo,Ecommerce
59,38,Upper_Egypt,Services
57,38,Cairo,Ecommerce
40,22,Cairo,Ecommerce
21,0,Upper_Egypt,Retail
44,25,Alexandria,Retail
42,22,Cairo,Ecommerce
26,1,Alexandria,Ecommerce
45,20,Upper_Egypt,Services
54,29,Cairo,Retail
24,4,Delta,Ecommerce
49,26,Cairo,Retail
25,2,Cairo,Ecommerce
50,31,Alexandria,Retail
37,15,Alexandria,Ecommerce
20,0,Cairo,Services
59,38,Cairo,Ecommerce
26,2,Delta,Retail
44,20,Alexandria,Services
27,5,Delta,Retail
58,34,Delta,Ecommerce
50,26,Cairo,Retail
52,29,Alexandria,Retail
37,17,Alexandria,Ecommerce
39,15,Alexandria,Retail
46,22,Cairo,Retail
52,26,Cairo,Ecommerce
54,35,Cairo,Ecommerce
20,0,Cairo,Manufacturing
47,21,Upper_Egypt,Services
24,2,Alexandria,Services
31,5,Alexandria,Ecommerce
54,36,Alexandria,Retail
30,12,Delta,Ecommerce
52,27,Alexandria,Retail
38,17,Alexandria,Manufacturing
29,7,Delta,Ecommerce
33,12,Cairo,Services
41,20,Alexandria,Services
51,25,Alexandria,Retail
44,26,Delta,Services
58,34,Upper_Egypt,Ecommerce
55,29,Delta,Services
50,27,Alexandria,Services
44,23,Cairo,Retail
31,12,Alexandria,Ecommerce
36,12,Delta,Services
24,2,Upper_Egypt,Retail
35,16,Delta,Manufacturing
57,36,Cairo,Services
37,11,Delta,Services
24,4,Upper_Egypt,Manufacturing
46,27,Delta,Services
59,35,Delta,Manufacturing
55,36,Alexandria,Ecommerce
31,5,Delta,Ecommerce
38,13,Cairo,Retail
41,15,Cairo,Retail
30,4,Delta,Services
31,11,Upper_Egypt,Retail
29,10,Upper_Egypt,Retail
60,38,Cairo,Ecommerce
50,28,Cairo,Ecommerce
54,29,Cairo,Retail
53,29,Delta,Ecommerce
59,36,Delta,Manufacturing
24,0,Upper_Egypt,Ecommerce
56,33,Cairo,Ecommerce
22,1,Alexandria,Ecommerce
39,18,Delta,Retail
44,22,Cairo,Services
34,16,Upper_Egypt,Manufacturing
25,1,Alexandria,Ecommerce
27,4,Cairo,Ecommerce
53,29,Cairo,Manufacturing
33,11,Upper_Egypt,Retail
32,7,Delta,Services
57,31,Delta,Ecommerce
25,2,Delta,Retail
57,36,Alexandria,Services
57,38,Delta,Ecommerce
44,19,Upper_Egypt,Ecommerce
26,0,Cairo,Retail
26,2,Delta,Ecommerce
31,6,Cairo,Retail
43,18,Cairo,Manufacturing
26,1,Cairo,Retail
38,16,Upper_Egypt,Manufacturing
24,6,Cairo,Services
42,24,Alexandria,Services
20,1,Delta,Services
49,28,Cairo,Retail
22,0,Delta,Services
27,5,Upper_Egypt,Manufacturing
27,9,Cairo,Ecommerce
54,35,Cairo,Retail
22,0,Upper_Egypt,Ecommerce
37,11,Cairo,Manufacturing
44,23,Cairo,Ecommerce
41,16,Upper_Egypt,Services
47,23,Upper_Egypt,Retail
52,26,Delta,Manufacturing
36,11,Alexandria,Services
53,30,Upper_Egypt,Services
33,12,Delta,Ecommerce
60,37,Delta,Retail
40,20,Delta,Manufacturing
50,29,Delta,Retail
55,32,Alexandria,Ecommerce
52,29,Cairo,Manufacturing
54,31,Alexandria,Manufacturing
41,20,Alexandria,Manufacturing
21,0,Cairo,Manufacturing
40,22,Alexandria,Retail
27,4,Delta,Manufacturing
56,33,Cairo,Manufacturing
29,3,Cairo,Services
29,7,Cairo,Services
30,8,Cairo,Retail
46,28,Delta,Ecommerce
43,24,Alexandria,Ecommerce
58,37,Cairo,Services
37,16,Delta,Services
31,10,Cairo,Services
22,1,Cairo,Retail
20,0,Delta,Manufacturing
35,16,Alexandria,Retail
57,37,Delta,Retail
41,22,Delta,Retail
56,36,Upper_Egypt,Manufacturing
24,0,Cairo,Manufacturing
23,5,Delta,Retail
54,33,Delta,Retail
24,6,Cairo,Services
22,0,Upper_Egypt,Retail
36,12,Cairo,Ecommerce
57,37,Upper_Egypt,Retail
48,29,Delta,Services
24,6,Alexandria,Services
54,32,Cairo,Services
54,30,Upper_Egypt,Services
52,29,Alexandria,Retail
57,32,Cairo,Retail
29,8,Cairo,Retail
60,38,Delta,Retail
33,11,Cairo,Manufacturing
52,33,Alexandria,Retail
43,17,Delta,Services
51,32,Cairo,Retail
45,23,Alexandria,Ecommerce
46,24,Cairo,Manufacturing
45,27,Upper_Egypt,Ecommerce
51,29,Upper_Egypt,Ecommerce
50,28,Cairo,Ecommerce
25,5,Alexandria,Services
53,34,Alexandria,Manufacturing
41,23,Upper_Egypt,Ecommerce
33,15,Cairo,Retail
41,19,Alexandria,Services
59,38,Upper_Egypt,Retail
55,29,Cairo,Retail
54,34,Alexandria,Manufacturing
38,15,Cairo,Retail
52,28,Delta,Ecommerce
35,13,Cairo,Manufacturing
48,23,Upper_Egypt,Services
46,28,Cairo,Services
30,10,Cairo,Ecommerce
30,10,Delta,Ecommerce
22,3,Delta,Retail
25,5,Delta,Retail
37,17,Delta,Ecommerce
39,15,Cairo,Manufacturing
26,6,Delta,Retail
37,12,Cairo,Services
44,20,Cairo,Manufacturing
29,3,Upper_Egypt,Retail
33,15,Delta,Retail
35,9,Cairo,Ecommerce
40,17,Cairo,Retail
35,9,Upper_Egypt,Retail
50,29,Cairo,Ecommerce
33,7,Cairo,Ecommerce
37,14,Cairo,Services
35,17,Cairo,Services
27,6,Cairo,Services
48,29,Upper_Egypt,Ecommerce
29,3,Cairo,Ecommerce
32,12,Alexandria,Ecommerce
52,32,Delta,Ecommerce
58,36,Alexandria,Manufacturing
47,26,Delta,Manufacturing
57,38,Delta,Retail
55,30,Delta,Manufacturing
39,14,Delta,Manufacturing
51,27,Delta,Services
33,10,Delta,Retail
38,17,Delta,Ecommerce
41,19,Cairo,Services
59,37,Delta,Ecommerce
54,35,Delta,Services
40,22,Cairo,Retail
46,26,Upper_Egypt,Retail
28,6,Cairo,Manufacturing
52,33,Cairo,Retail
42,24,Upper_Egypt,Ecommerce
41,16,Cairo,Retail
51,30,Cairo,Services
45,22,Cairo,Services
22,0,Upper_Egypt,Retail
31,7,Alexandria,Ecommerce
27,3,Delta,Ecommerce
50,30,Delta,Retail
21,0,Delta,Services
28,7,Upper_Egypt,Ecommerce
44,19,Delta,Ecommerce
48,27,Cairo,Services
40,22,Upper_Egypt,Ecommerce
55,31,Alexandria,Retail
57,38,Cairo,Retail
25,1,Cairo,Ecommerce
59,38,Delta,Ecommerce
45,26,Cairo,Ecommerce
46,23,Alexandria,Retail
23,0,Cairo,Services
45,24,Alexandria,Ecommerce
49,30,Cairo,Retail
43,23,Delta,Services
23,0,Cairo,Ecommerce
41,17,Cairo,Retail
58,38,Alexandria,Services
49,28,Alexandria,Retail
25,5,Delta,Manufacturing
59,38,Alexandria,Retail
59,34,Cairo,Retail
26,3,Upper_Egypt,Retail
52,33,Alexandria,Retail
36,13,Cairo,Retail
44,23,Delta,Ecommerce
38,20,Delta,Retail
52,30,Delta,Retail
60,38,Alexandria,Retail
52,32,Cairo,Services
58,33,Alexandria,Retail
58,34,Cairo,Ecommerce
23,4,Cairo,Ecommerce
30,5,Upper_Egypt,Ecommerce
49,26,Delta,Retail
44,19,Cairo,Manufacturing
22,0,Cairo,Ecommerce
23,2,Delta,Retail
41,19,Cairo,Services
45,23,Cairo,Ecommerce
26,2,Cairo,Services
27,7,Delta,Services
25,5,Delta,Ecommerce
43,23,Cairo,Retail
20,0,Cairo,Manufacturing
43,24,Delta,Retail
39,21,Alexandria,Retail
39,13,Delta,Retail
47,29,Cairo,Services
41,16,Delta,Manufacturing
49,31,Upper_Egypt,Ecommerce
51,27,Delta,Manufacturing
57,37,Cairo,Services
52,30,Delta,Services
41,21,Cairo,Services
40,18,Cairo,Retail
29,7,Cairo,Manufacturing
44,22,Upper_Egypt,Services
25,4,Cairo,Services
58,36,Upper_Egypt,Services
54,29,Alexandria,Ecommerce
24,3,Alexandria,Retail
52,31,Cairo,Ecommerce
24,5,Delta,Ecommerce
49,28,Cairo,Manufacturing
23,4,Alexandria,Retail
40,21,Cairo,Retail
46,20,Cairo,Services
49,31,Alexandria,Manufacturing
37,15,Cairo,Manufacturing
57,32,Cairo,Ecommerce
51,25,Upper_Egypt,Retail
28,9,Cairo,Retail
47,28,Cairo,Ecommerce
49,28,Cairo,Retail
33,11,Cairo,Services
50,24,Delta,Manufacturing
56,37,Cairo,Services
53,34,Alexandria,Services
51,31,Delta,Retail
46,21,Cairo,Retail
31,13,Upper_Egypt,Ecommerce
52,31,Upper_Egypt,Services
34,15,Cairo,Retail
41,22,Cairo,Retail
32,6,Cairo,Retail
32,14,Cairo,Ecommerce
26,6,Alexandria,Ecommerce
59,33,Alexandria,Services
26,3,Alexandria,Services
23,5,Cairo,Retail
58,36,Cairo,Services
42,16,Upper_Egypt,Retail
37,16,Upper_Egypt,Manufacturing
50,28,Cairo,Retail
35,13,Delta,Services
25,2,Alexandria,Retail
49,30,Delta,Ecommerce
27,2,Alexandria,Retail
42,16,Upper_Egypt,Manufacturing
58,38,Cairo,Retail
58,33,Cairo,Ecommerce
34,9,Upper_Egypt,Ecommerce
51,27,Cairo,Retail
45,24,Cairo,Retail
39,17,Delta,Services
25,0,Delta,Ecommerce
35,16,Delta,Manufacturing
46,21,Delta,Retail
60,34,Delta,Services
20,0,Cairo,Retail
49,28,Delta,Retail
54,31,Delta,Ecommerce
58,38,Upper_Egypt,Services
37,11,Cairo,Retail
24,3,Cairo,Manufacturing
31,13,Delta,Ecommerce
54,29,Cairo,Ecommerce
55,32,Cairo,Retail
46,23,Delta,Manufacturing
25,7,Alexandria,Services
24,0,Cairo,Services
39,16,Cairo,Retail
44,19,Cairo,Manufacturing
21,0,Delta,Services
48,29,Alexandria,Ecommerce
42,23,Cairo,Ecommerce
20,0,Cairo,Ecommerce
23,1,Cairo,Ecommerce
38,17,Cairo,Manufacturing
49,29,Cairo,Retail
53,30,Alexandria,Retail
37,13,Cairo,Ecommerce
32,14,Cairo,Services
59,37,Alexandria,Ecommerce
38,12,Alexandria,Ecommerce
32,12,Cairo,Services
38,18,Cairo,Ecommerce
20,0,Cairo,Services
32,14,Cairo,Manufacturing
41,20,Delta,Retail
57,35,Cairo,Ecommerce
50,25,Delta,Manufacturing
52,33,Delta,Retail
42,21,Cairo,Services
24,5,Cairo,Services
36,11,Cairo,Services
60,37,Cairo,Services
21,0,Alexandria,Retail
56,35,Cairo,Manufacturing
48,29,Delta,Retail
31,5,Alexandria,Services
51,28,Delta,Ecommerce
54,34,Delta,Retail
21,0,Alexandria,Retail
24,0,Upper_Egypt,Manufacturing
47,23,Upper_Egypt,Ecommerce
60,38,Cairo,Retail
20,0,Cairo,Ecommerce
47,24,Cairo,Services
25,2,Cairo,Retail
46,23,Alexandria,Ecommerce
45,27,Cairo,Services
23,1,Alexandria,Retail
47,24,Delta,Manufacturing
56,30,Cairo,Retail
55,33,Alexandria,Retail
21,0,Cairo,Retail
30,7,Delta,Ecommerce
29,10,Delta,Ecommerce
38,20,Cairo,Manufacturing
25,1,Delta,Retail
55,29,Cairo,Ecommerce
51,26,Delta,Services
53,30,Alexandria,Services
28,10,Cairo,Retail
20,0,Delta,Ecommerce
57,35,Upper_Egypt,Retail
31,11,Delta,Ecommerce
46,20,Alexandria,Services
57,33,Delta,Retail
21,0,Cairo,Manufacturing
20,0,Delta,Ecommerce
20,0,Delta,Services
26,4,Cairo,Ecommerce
22,0,Cairo,Services
53,29,Cairo,Ecommerce
44,21,Cairo,Retail
60,38,Cairo,Services
52,32,Cairo,Services
59,38,Alexandria,Services
29,3,Cairo,Services
31,7,Cairo,Retail
54,33,Delta,Manufacturing
30,6,Cairo,Retail
22,0,Alexandria,Retail
47,26,Delta,Services
52,31,Upper_Egypt,Ecommerce
59,33,Alexandria,Retail
58,35,Cairo,Services
24,5,Cairo,Ecommerce
51,27,Upper_Egypt,Retail
54,31,Delta,Manufacturing
48,26,Delta,Services
53,29,Delta,Ecommerce
54,28,Cairo,Retail
38,18,Alexandria,Ecommerce
21,0,Delta,Manufacturing
38,19,Upper_Egypt,Retail
28,5,Cairo,Retail
24,3,Alexandria,Retail
25,4,Cairo,Retail
48,24,Upper_Egypt,Manufacturing
40,19,Cairo,Ecommerce
42,20,Delta,Ecommerce
50,29,Cairo,Manufacturing
42,22,Delta,Manufacturing
45,26,Delta,Ecommerce
23,0,Cairo,Services
54,36,Delta,Services
38,18,Upper_Egypt,Retail
26,2,Upper_Egypt,Services
53,34,Cairo,Services
50,27,Delta,Retail
22,0,Alexandria,Services
27,4,Alexandria,Services
20,0,Alexandria,Services
31,13,Delta,Retail
24,0,Cairo,Services
49,29,Cairo,Services
41,16,Cairo,Ecommerce
60,38,Cairo,Ecommerce
50,31,Cairo,Retail
45,20,Cairo,Retail
40,14,Delta,Services
22,0,Alexandria,Retail
22,0,Cairo,Services
45,25,Delta,Manufacturing
20,0,Upper_Egypt,Retail
21,0,Upper_Egypt,Services
28,9,Delta,Ecommerce
56,37,Upper_Egypt,Services
38,13,Alexandria,Retail
49,29,Upper_Egypt,Retail
36,12,Upper_Egypt,Manufacturing
27,8,Cairo,Retail
35,15,Upper_Egypt,Ecommerce
23,3,Delta,Ecommerce
51,31,Delta,Retail
27,3,Upper_Egypt,Ecommerce
35,9,Cairo,Retail
60,34,Cairo,Retail
44,20,Delta,Services
38,19,Delta,Manufacturing
42,16,Upper_Egypt,Retail
52,30,Upper_Egypt,Retail
30,8,Delta,Manufacturing
46,22,Upper_Egypt,Retail
55,31,Cairo,Manufacturing
43,17,Upper_Egypt,Ecommerce
38,15,Cairo,Services
25,2,Alexandria,Ecommerce
30,6,Cairo,Ecommerce
58,38,Alexandria,Retail
42,22,Cairo,Manufacturing
32,9,Cairo,Manufacturing
37,19,Delta,Manufacturing
43,23,Delta,Ecommerce
42,18,Cairo,Services
48,22,Delta,Services
30,8,Cairo,Retail
46,25,Cairo,Services
38,17,Cairo,Ecommerce
58,34,Alexandria,Ecommerce
26,4,Delta,Services
26,8,Alexandria,Services
38,16,Delta,Ecommerce
40,19,Alexandria,Services
48,24,Delta,Manufacturing
36,11,Upper_Egypt,Ecommerce
57,31,Cairo,Retail
39,16,Cairo,Retail
25,4,Cairo,Ecommerce
24,3,Alexandria,Services
59,38,Alexandria,Manufacturing
25,0,Cairo,Retail
58,33,Upper_Egypt,Retail
31,6,Upper_Egypt,Services
23,3,Cairo,Ecommerce
32,12,Cairo,Manufacturing
45,20,Cairo,Manufacturing
37,15,Cairo,Services
52,28,Upper_Egypt,Ecommerce
45,23,Alexandria,Retail
36,15,Cairo,Services
46,23,Alexandria,Manufacturing
59,34,Cairo,Services
36,15,Cairo,Manufacturing
26,1,Cairo,Retail
36,16,Delta,Retail
54,33,Alexandria,Services
28,2,Upper_Egypt,Manufacturing
58,32,Cairo,Services
44,18,Delta,Ecommerce
44,24,Cairo,Retail
32,7,Cairo,Ecommerce
57,31,Upper_Egypt,Services
21,0,Delta,Retail
32,14,Cairo,Ecommerce
37,13,Alexandria,Ecommerce
39,13,Delta,Services
39,15,Upper_Egypt,Retail
26,6,Delta,Retail
29,5,Cairo,Manufacturing
23,5,Alexandria,Ecommerce
43,21,Cairo,Ecommerce
34,11,Cairo,Ecommerce
43,21,Alexandria,Ecommerce
44,20,Delta,Retail
48,28,Cairo,Services
42,19,Delta,Ecommerce
46,23,Delta,Retail
44,21,Delta,Retail
46,26,Cairo,Ecommerce
45,25,Cairo,Manufacturing
32,12,Cairo,Ecommerce
30,8,Cairo,Retail
52,29,Cairo,Manufacturing
34,13,Cairo,Retail
42,21,Cairo,Retail
28,8,Cairo,Manufacturing
37,18,Upper_Egypt,Ecommerce
41,18,Delta,Manufacturing
45,20,Cairo,Ecommerce
41,21,Upper_Egypt,Ecommerce
34,9,Cairo,Retail
59,36,Cairo,Services
41,22,Delta,Manufacturing
53,32,Alexandria,Manufacturing
50,32,Cairo,Services
42,24,Cairo,Services
56,35,Alexandria,Retail
25,3,Delta,Services
57,32,Cairo,Manufacturing
54,35,Alexandria,Retail
40,15,Cairo,Services
50,30,Alexandria,Manufacturing
41,22,Cairo,Services
31,7,Upper_Egypt,Services
52,28,Delta,Services
30,7,Cairo,Retail
32,13,Delta,Retail
41,22,Cairo,Retail
54,33,Cairo,Retail
35,13,Alexandria,Retail
40,14,Alexandria,Services
21,1,Delta,Retail
24,5,Upper_Egypt,Manufacturing
22,0,Cairo,Retail
22,3,Cairo,Services
55,37,Delta,Manufacturing
54,33,Cairo,Retail
53,32,Cairo,Services
22,0,Upper_Egypt,Manufacturing
23,0,Delta,Services
31,5,Upper_Egypt,Retail
43,23,Cairo,Ecommerce
33,7,Cairo,Ecommerce
39,16,Alexandria,Services
27,9,Upper_Egypt,Retail
49,23,Cairo,Retail
32,13,Cairo,Ecommerce
22,0,Cairo,Services
50,25,Delta,Retail
57,37,Delta,Services
20,0,Delta,Manufacturing
37,15,Cairo,Retail
53,28,Delta,Retail
48,28,Alexandria,Services
55,32,Cairo,Ecommerce
37,15,Cairo,Services
35,16,Alexandria,Manufacturing
49,25,Cairo,Retail
26,1,Upper_Egypt,Services
29,6,Alexandria,Services
44,25,Cairo,Services
47,28,Delta,Services
24,3,Delta,Ecommerce
40,18,Cairo,Services
34,12,Delta,Ecommerce
40,20,Cairo,Retail
59,37,Cairo,Services
23,3,Delta,Services
60,36,Alexandria,Services
38,13,Cairo,Retail
51,28,Cairo,Manufacturing
37,19,Alexandria,Manufacturing
32,6,Cairo,Ecommerce
51,33,Upper_Egypt,Manufacturing
48,22,Alexandria,Retail
25,7,Upper_Egypt,Services
48,26,Cairo,Services
50,32,Delta,Manufacturing
35,17,Cairo,Retail
57,33,Cairo,Retail
46,22,Cairo,Ecommerce
33,14,Cairo,Retail
20,0,Upper_Egypt,Ecommerce
47,27,Delta,Retail
28,8,Delta,Ecommerce
51,31,Alexandria,Manufacturing
41,19,Alexandria,Ecommerce
39,20,Delta,Retail
26,5,Delta,Retail
49,30,Alexandria,Retail
26,8,Delta,Retail
37,16,Cairo,Services
54,30,Upper_Egypt,Services
57,33,Cairo,Retail
60,38,Cairo,Retail
59,38,Upper_Egypt,Manufacturing
42,17,Cairo,Retail
28,4,Cairo,Services
54,29,Cairo,Services
52,26,Alexandria,Retail
60,35,Upper_Egypt,Manufacturing
46,20,Delta,Retail
25,4,Alexandria,Ecommerce
40,19,Upper_Egypt,Ecommerce
38,18,Delta,Ecommerce
54,34,Upper_Egypt,Ecommerce
36,12,Cairo,Ecommerce
33,9,Alexandria,Services
23,0,Cairo,Services
54,35,Cairo,Ecommerce
50,28,Delta,Services
21,2,Cairo,Services
37,11,Alexandria,Retail
39,19,Delta,Retail
39,20,Cairo,Services
57,34,Alexandria,Retail
26,1,Delta,Services
32,6,Upper_Egypt,Retail
27,9,Cairo,Services
30,10,Upper_Egypt,Ecommerce
57,38,Delta,Services
58,38,Delta,Ecommerce
21,0,Cairo,Retail
45,25,Delta,Retail
29,11,Delta,Ecommerce
27,5,Cairo,Ecommerce
31,13,Upper_Egypt,Ecommerce
27,7,Upper_Egypt,Ecommerce
40,22,Alexandria,Ecommerce
60,38,Delta,Ecommerce
44,23,Alexandria,Ecommerce
49,24,Delta,Ecommerce
40,16,Delta,Retail
20,2,Cairo,Retail
23,5,Cairo,Services
31,10,Cairo,Services
29,6,Upper_Egypt,Ecommerce
54,30,Cairo,Services
54,29,Upper_Egypt,Retail
55,34,Alexandria,Ecommerce
46,27,Cairo,Retail
42,24,Upper_Egypt,Ecommerce
46,27,Alexandria,Retail
36,18,Cairo,Services
47,22,Cairo,Services
52,32,Cairo,Retail
51,26,Cairo,Retail
45,23,Cairo,Retail
22,0,Delta,Services
49,27,Cairo,Services
35,10,Cairo,Ecommerce
50,32,Cairo,Retail
42,24,Cairo,Services
56,35,Upper_Egypt,Retail
33,12,Cairo,Manufacturing
58,36,Cairo,Ecommerce
54,30,Alexandria,Manufacturing
33,10,Upper_Egypt,Manufacturing
39,19,Delta,Services
41,21,Delta,Ecommerce
51,27,Upper_Egypt,Services
48,29,Delta,Manufacturing
54,32,Upper_Egypt,Services
35,13,Cairo,Services
40,16,Delta,Manufacturing
37,13,Upper_Egypt,Manufacturing
57,35,Upper_Egypt,Manufacturing
32,12,Alexandria,Retail
44,23,Delta,Retail
24,3,Cairo,Services
54,35,Delta,Services
35,12,Cairo,Services
33,14,Alexandria,Retail
43,20,Delta,Ecommerce
40,16,Cairo,Retail
54,28,Cairo,Ecommerce
41,22,Cairo,Manufacturing
41,17,Delta,Ecommerce
24,6,Delta,Services
20,0,Delta,Retail
36,17,Cairo,Retail
60,38,Delta,Ecommerce
57,38,Delta,Services
45,27,Cairo,Retail
45,20,Cairo,Manufacturing
36,18,Alexandria,Ecommerce
27,6,Cairo,Manufacturing
20,0,Cairo,Services
33,7,Cairo,Manufacturing
32,7,Cairo,Retail
27,8,Cairo,Retail
30,4,Cairo,Manufacturing
21,0,Delta,Manufacturing
44,25,Alexandria,Services
58,36,Alexandria,Retail
48,22,Delta,Services
38,17,Alexandria,Ecommerce
37,18,Cairo,Manufacturing
32,7,Cairo,Services
25,0,Cairo,Retail
44,18,Alexandria,Ecommerce
43,17,Alexandria,Ecommerce
20,0,Cairo,Services
37,15,Alexandria,Ecommerce
31,12,Upper_Egypt,Manufacturing
26,3,Cairo,Retail
48,29,Alexandria,Services
41,19,Alexandria,Ecommerce
45,22,Delta,Services
49,23,Delta,Manufacturing
60,38,Delta,Ecommerce
52,32,Cairo,Services
45,21,Alexandria,Retail
